{"cameraMode":{"drawMode":0,"name":"Shaded","section":"Shading Mode"},"sceneLighting":true,"audioPlay":false,"sceneViewState":{"m_AlwaysRefresh":false,"showFog":true,"showSkybox":true,"showFlares":true,"showImageEffects":true,"showParticleSystems":true,"showVisualEffectGraphs":true,"m_FxEnabled":true},"in2DMode":false,"pivot":{"x":6.362199783325195,"y":-10.717217445373536,"z":18.998899459838868},"rotation":{"x":-0.3254563808441162,"y":0.012848353013396263,"z":-0.004339931067079306,"w":-0.9455189108848572},"size":24.9820556640625,"orthographic":false}